Tarla_ID,N,P,K,ph
1,90,42,43,6.502985292000001
2,85,58,41,7.038096361
3,60,55,44,7.840207144
4,74,35,40,6.980400905
5,78,42,42,7.628472891
6,69,37,42,7.073453503
7,69,55,38,5.70080568
8,94,53,40,5.718627177999999
9,89,54,38,6.685346424
10,68,58,38,6.336253525
11,91,53,40,5.386167788
12,90,46,42,7.50283396
13,78,58,44,5.108681786
14,93,56,36,6.98435366
15,94,50,37,6.94801983
16,60,48,39,7.0422990689999985
17,85,38,41,6.2490506560000005
18,91,35,39,6.970859754
19,77,38,36,5.953933276
20,88,35,40,5.85393208
21,89,45,36,6.442475375
22,76,40,43,5.070175667
23,67,59,41,6.012632591
24,83,41,43,6.254028451
25,98,47,37,7.375482851
26,66,53,41,7.778915154
27,97,59,43,6.2865001760000006
28,97,50,41,7.070959995
29,60,49,44,6.244841491
30,84,51,35,6.043304899
31,73,57,41,5.824709117
32,92,35,40,6.3573893660000005
33,85,37,39,6.364134967999999
34,98,53,38,5.01450727
35,88,54,44,6.149410611
36,95,55,42,5.950660556
37,99,57,35,5.960370061
38,95,39,36,5.561398642
39,60,43,44,7.416245107000001
40,63,44,41,5.583370042
41,62,42,36,6.430010215
42,64,45,43,5.534878156
43,83,60,36,6.903985986
44,82,40,40,6.271478837999999
45,85,52,45,7.224285503
46,91,35,38,6.13428721
47,76,49,42,5.206373153
48,74,39,38,7.782051312999999
49,79,43,39,7.062779015
50,88,55,45,7.730367824
51,60,36,43,5.286203711000001
52,76,60,39,6.766240045
53,93,56,42,7.382762603
54,65,60,43,5.658169482000001
55,95,52,36,5.543360237999999
56,75,38,39,6.215109715
57,74,54,38,7.120272972
58,91,36,45,5.950647577000001
59,71,46,40,7.236705436
60,99,55,35,6.501697816
61,72,40,38,7.592490617
62,83,58,45,5.875345751
63,93,58,38,6.932400225
64,70,36,42,6.9462098810000015
65,76,47,42,5.739175027000001
66,99,41,36,6.738652179
67,99,54,37,5.5948196260000005
68,86,59,35,6.946636369
69,69,46,41,5.012139669
70,91,56,37,6.363472207999999
71,61,52,41,6.880431223
72,67,45,38,7.300410836
73,79,42,37,6.587918707999999
74,78,43,42,7.283736617000001
75,75,54,36,7.023936392
76,97,36,45,6.939083505
77,67,47,44,7.868474653
78,73,35,38,5.005306977
79,77,36,37,6.136131869
80,81,41,38,7.5240800760000015
81,68,57,43,5.706943251
82,72,45,35,5.758506323
83,61,53,43,6.349606327
84,67,43,39,5.9999690260000005
85,67,58,39,5.453592032
86,66,60,38,6.372576327000001
87,82,43,38,5.105588355
88,84,50,44,5.9353444060000005
89,81,53,42,5.17782304
90,91,50,40,6.462391607000001
91,93,53,38,7.069172227
92,90,44,38,7.473134377
93,81,45,35,6.158376967000001
94,78,40,38,7.549873681
95,60,51,36,6.028321557999999
96,88,46,42,6.604993475
97,93,47,37,6.500343222000001
98,60,55,45,5.935745417000001
99,78,35,44,7.072655622
100,65,37,40,5.333322606
101,71,54,16,5.7499144210000015
102,61,44,17,6.931756557999999
103,80,43,16,6.657964753
104,73,58,21,6.596060648
105,61,38,20,5.970458434
106,68,41,16,6.158830619
107,93,41,17,6.047906679
108,89,60,19,5.913664501
109,76,44,17,5.855442401
110,67,60,25,5.750254943
111,70,44,19,5.852607099
112,90,49,21,6.4725232870000005
113,62,52,16,6.9670577620000005
114,92,44,16,6.082973754
115,66,54,21,5.919045532
116,63,58,22,6.204747652999999
117,70,47,17,6.600827017
118,61,41,17,6.021902237000001
119,66,53,19,6.033550195
120,74,55,19,6.28886807
121,77,57,21,6.550563822999999
122,99,50,15,5.573286437
123,74,56,22,6.829199275
124,83,45,21,5.716222912
125,100,48,16,5.54990242
126,79,51,16,6.586244581
127,94,39,18,5.893093135
128,75,49,15,5.918263801
129,78,48,22,5.588650585
130,87,54,20,6.576418207000001
131,87,35,25,6.178056304
132,63,43,19,6.641906353
133,84,57,25,6.489040367
134,64,35,23,5.680361037999999
135,60,46,22,6.625404347999999
136,98,44,21,6.524478032
137,75,56,18,5.696205468
138,86,55,21,6.803931519
139,98,35,18,6.252797547999999
140,76,57,18,6.092725883
141,99,56,17,6.234330356
142,60,44,23,5.722579819
143,74,48,17,6.430616465
144,89,60,17,5.983952675
145,69,51,23,6.80163854
146,96,46,22,6.499936446
147,61,60,15,6.265564338
148,74,58,18,6.727303282
149,74,43,23,6.325235159
150,63,43,17,6.807487794
151,99,36,20,6.671085817000001
152,77,36,23,6.648725327
153,87,60,23,6.439071996
154,60,38,17,6.474476516
155,94,54,17,5.871647806
156,95,38,22,5.730617109
157,84,44,21,5.850439831
158,77,58,19,5.791649933
159,66,44,20,6.740000687999999
160,63,35,16,6.272417541
161,79,45,20,5.715208817000001
162,72,60,25,5.773454729
163,67,51,24,5.584171461
164,86,36,24,5.787268394
165,76,48,18,5.77597783
166,75,53,18,6.864793607
167,81,45,23,6.192360002999999
168,73,45,21,6.636803222999999
169,71,35,24,5.826426917
170,96,54,22,6.960358276
171,99,39,18,6.11275104
172,62,48,20,6.708446922
173,86,37,16,5.561510732
174,94,50,19,5.873242491
175,76,39,24,6.995843776
176,77,52,17,5.714799723
177,74,39,23,6.78073637
178,81,49,20,5.513697923
179,63,42,21,5.798423907999999
180,99,38,21,6.352471866
181,90,52,25,6.822586546
182,68,40,19,6.655426355
183,60,57,24,6.1212940410000005
184,71,52,18,5.790770202999999
185,61,59,17,6.47444292
186,88,38,15,6.455116637000001
187,65,60,22,6.6069840860000015
188,78,37,22,6.330554389
189,78,58,15,6.5286312660000005
190,92,60,23,5.721667141
191,79,59,17,6.644205485
192,91,55,15,6.376651091
193,76,51,18,6.247040422
194,87,48,25,6.656730007999999
195,71,60,22,6.2048017
196,90,57,24,6.158860284
197,67,35,22,6.3856842139999985
198,60,54,19,6.417820493
199,83,58,23,6.381201909
200,83,57,19,6.877869005
201,40,72,77,7.485996067
202,23,72,84,6.920251378
203,39,58,85,5.9969320370000005
204,22,72,85,6.391173589
205,36,67,77,7.152811172000001
206,32,73,81,5.988992796000002
207,58,70,84,6.231049027999999
208,59,70,84,7.550808267000001
209,42,62,75,7.010570541
210,28,74,81,8.753795334
211,58,66,79,8.718192847000001
212,43,66,79,7.976607593
213,58,63,81,6.5154995489999985
214,23,62,85,8.490127142
215,27,62,77,6.576415562
216,28,72,84,6.481783042999999
217,50,56,76,7.966605025
218,39,71,84,8.140825437
219,25,78,76,7.228963452
220,31,70,77,6.492546046
221,26,80,83,7.528599957000001
222,25,68,77,7.701446446
223,31,78,76,8.519975748
224,60,68,83,6.620900869
225,59,62,83,8.104396057999999
226,22,67,78,6.204090835
227,36,65,80,6.051091339
228,59,60,84,7.690962337999999
229,54,77,85,7.8292111439999985
230,43,68,81,6.761599706
231,28,76,82,6.654425315
232,42,79,85,6.129533877
233,32,60,83,8.829273328
234,22,78,76,8.621662982
235,31,79,75,8.204862075
236,28,58,81,6.18042747
237,57,58,77,7.978996755
238,49,55,78,7.863113671
239,46,76,77,6.967843048
240,54,61,77,6.206582192999999
241,38,60,76,8.868741443
242,59,55,79,8.766128654
243,36,76,75,8.736337905
244,57,68,81,8.081095263
245,35,66,81,6.138243973
246,35,64,78,7.496645259
247,52,60,79,8.380185271
248,27,76,83,6.289614016
249,57,60,84,6.586777189
250,52,68,78,6.89655198
251,43,79,79,7.8067476560000015
252,44,74,85,7.150681303
253,24,55,78,6.64919573
254,29,77,75,7.778591617999999
255,20,60,78,6.358740355
256,56,67,78,8.255450758
257,37,66,85,6.456148474
258,49,71,76,6.613072145
259,59,69,80,8.165359297
260,20,79,77,7.64867466
261,24,56,85,6.545888558
262,51,72,75,7.1042247970000005
263,57,73,85,7.358099622
264,22,64,82,6.4740245000000005
265,52,73,79,7.840339388999999
266,29,75,75,7.064790365
267,44,59,78,7.599033472
268,41,69,82,6.715587232000001
269,52,56,85,6.81712422
270,34,76,80,7.985417393
271,42,74,83,7.545258424
272,34,71,79,7.728998197
273,27,73,79,7.354973451
274,30,70,79,7.313122235
275,57,57,75,7.785039076
276,27,79,82,6.307004922999999
277,32,71,85,6.4039823160000005
278,31,76,82,7.599279991
279,33,75,84,7.217018459
280,47,80,77,7.561108006
281,54,62,80,7.489545074
282,47,79,78,6.609696734
283,35,57,83,7.476800943
284,53,73,77,7.325451279
285,45,61,78,6.489389282
286,37,78,79,7.786366322
287,30,75,81,6.4084378860000015
288,37,55,82,8.423873703
289,53,65,76,8.719960893
290,22,60,85,7.811997977000001
291,60,61,78,6.317153205
292,42,67,77,7.114405288
293,39,76,76,8.135900726000001
294,35,63,76,7.714153037999999
295,30,65,82,7.103798069
296,57,56,78,8.861479668
297,48,65,78,7.861128148
298,36,56,83,7.4526709
299,40,58,75,7.168096055
300,49,69,82,7.26311855
301,13,60,25,5.68597166
302,25,70,16,5.759237003
303,31,55,22,5.873171894
304,40,64,16,5.926676985
305,2,61,20,5.95561668
306,26,65,22,5.9499490810000015
307,17,57,21,5.7892142889999985
308,26,80,18,5.581021521
309,17,59,17,5.689858133
310,27,59,22,5.7941585039999985
311,28,58,24,5.748190462999999
312,25,57,19,5.566522896
313,28,80,17,5.809419584
314,25,60,22,5.887263027
315,12,78,23,5.99812453
316,6,77,25,5.792744849
317,22,79,17,5.912289889
318,27,80,15,5.7883869510000014
319,10,55,23,5.728233081
320,23,65,20,5.833940084
321,19,78,16,5.967533236
322,19,65,25,5.6250964460000015
323,22,70,19,5.515615023
324,37,64,22,5.954665349
325,11,71,17,5.74644777
326,18,79,20,5.877347515
327,21,63,17,5.979973965
328,24,80,22,5.635993966
329,34,60,22,5.635231778
330,16,75,21,5.679224346
331,17,77,23,5.670062975
332,37,72,18,5.724242065
333,40,73,20,5.811314232000001
334,9,77,17,5.783425416
335,1,62,23,5.607808432000001
336,33,59,22,5.946999529
337,23,59,19,5.852046999
338,6,62,22,5.824090984
339,25,63,20,5.502999119
340,7,79,23,5.821649914
341,8,72,17,5.711439256
342,27,64,15,5.514927264
343,28,66,23,5.99616119
344,32,57,18,5.695422862999999
345,27,56,22,5.833010957999999
346,17,77,24,5.568456899
347,0,65,15,5.645435626
348,13,72,21,5.821194486
349,34,60,23,5.659254981
350,9,80,19,5.945465949
351,11,72,20,5.9511774520000005
352,3,67,24,5.5208800139999985
353,35,69,23,5.578410206
354,3,77,25,5.608165195
355,23,62,19,5.609435127999999
356,22,71,17,5.509295379
357,31,79,25,5.902033406
358,34,59,18,5.744117663
359,12,63,17,5.717143397
360,27,56,20,5.542690119
361,7,63,24,5.858617867
362,24,67,22,5.618844277000001
363,11,71,24,5.6066203460000015
364,37,74,15,5.582178402
365,25,76,24,5.56503533
366,34,66,17,5.889614577000001
367,20,69,15,5.934136378
368,37,65,16,5.683548308
369,18,74,15,5.70836603
370,4,67,25,5.948164454
371,37,56,25,5.7747551439999985
372,5,59,15,5.97229163
373,11,61,21,5.532100554
374,22,80,20,5.669560726
375,12,61,19,5.655726817000001
376,5,74,21,5.5917040139999985
377,27,69,22,5.932323085
378,31,75,18,5.8242083089999985
379,36,68,20,5.86442953
380,5,65,16,5.866744372
381,32,79,15,5.706198621
382,11,78,22,5.940546818
383,0,55,22,5.916779289
384,14,59,15,5.779090476
385,29,68,23,5.82738029
386,32,68,19,5.514234138
387,17,64,17,5.662699104
388,13,69,19,5.86390397
389,14,67,22,5.624690247999999
390,9,69,20,5.591560999
391,20,73,22,5.976312537999999
392,40,78,20,5.669236258
393,27,72,23,5.961934481
394,14,67,15,5.690065688
395,7,56,18,5.698371311
396,27,65,18,5.59503163
397,30,63,16,5.5259045260000015
398,37,70,25,5.819403771
399,27,63,19,5.562201934
400,22,60,24,5.630664753
401,3,72,24,6.03160778
402,40,59,23,5.269084669
403,33,73,23,5.985792703
404,27,57,24,6.09186275
405,10,79,18,5.624731337999999
406,30,75,25,6.446091759
407,40,70,20,5.623490042999999
408,38,55,19,5.864623352000001
409,35,58,20,5.761702519
410,38,61,21,4.696518678
411,33,58,24,5.269504214
412,16,56,17,7.445444882999999
413,31,72,17,5.833031707999999
414,16,80,20,7.3393209289999986
415,27,72,17,6.347929353
416,40,62,19,4.697750704
417,18,58,16,4.962661422
418,3,68,16,4.964887857
419,26,67,24,5.642813116
420,16,70,20,5.6093956
421,24,63,19,4.681576043
422,9,76,25,5.70951224
423,16,55,19,6.413543781
424,28,75,21,6.007508163
425,16,71,24,4.946369874
426,24,70,21,5.517208078
427,38,72,21,5.902103172
428,9,66,21,5.719889876
429,34,56,17,4.548202098
430,1,76,19,6.6695294160000005
431,6,69,19,4.7509292180000005
432,26,73,21,4.946263888
433,27,61,18,5.266227032
434,27,71,23,7.10959773
435,36,61,21,5.617008201
436,17,73,18,5.632353113
437,26,72,22,4.674941549
438,17,64,16,7.161797643
439,14,74,19,6.624966131
440,39,60,15,5.004074623999999
441,6,66,15,6.3458060110000005
442,8,59,18,6.216814453
443,2,67,18,5.921666758
444,1,76,17,6.012719118
445,16,73,19,4.684079249
446,23,75,25,7.077170002000001
447,32,70,20,6.208843215
448,28,59,22,7.05181629
449,5,62,23,4.722222454
450,36,67,25,6.418062652000001
451,1,66,23,4.803564468
452,24,73,20,4.608695247
453,17,67,18,5.611510977000001
454,5,55,18,7.322097972000001
455,5,56,24,5.023115055
456,37,77,17,5.617122801
457,13,73,20,5.391560417999999
458,6,63,23,5.906596905
459,16,77,22,6.574209678
460,25,64,20,4.807776748999999
461,34,75,24,4.760038038999999
462,20,77,23,5.180271502
463,35,80,25,4.895927306
464,14,75,24,6.436160044
465,36,80,21,7.066087261
466,7,77,18,6.655918077999999
467,29,78,25,5.982854522999999
468,30,60,21,5.457871272999999
469,20,74,16,4.759490199
470,19,57,23,7.342409555
471,3,60,19,4.820788186000001
472,5,77,19,6.242052013
473,5,68,20,5.001038726
474,37,73,21,5.560224582999999
475,9,59,24,4.747352458
476,20,72,15,7.313517308
477,31,56,23,5.661826398
478,0,70,21,4.672437054
479,21,74,15,6.471862118
480,13,67,18,5.384762927000001
481,27,74,20,5.8598134160000015
482,29,72,24,6.962386495
483,5,68,20,6.12166671
484,39,57,19,6.421748487
485,22,62,16,4.828936119
486,18,55,23,6.98571967
487,39,77,21,4.603563116
488,13,75,20,6.979540061
489,27,71,24,7.064973419
490,26,64,22,5.16516459
491,23,55,16,5.111488821
492,4,69,19,5.374358869
493,20,67,19,5.671419084
494,7,74,17,5.667419697000001
495,17,64,18,6.07938452
496,35,71,17,6.931924962999999
497,11,72,22,6.842744374
498,20,60,22,6.876572502999999
499,10,71,18,6.151029296
500,33,61,24,4.567446499
501,3,49,18,3.692863601
502,22,59,23,4.371745575
503,36,58,25,8.399135957999999
504,4,43,18,8.840656256
505,29,54,16,8.153022903
506,32,43,22,5.270749441
507,14,55,15,8.050304395
508,5,35,20,9.679240873
509,25,57,24,6.974978386
510,11,53,24,7.39389918
511,40,49,17,6.68727523
512,38,56,25,7.88118645
513,27,43,23,5.875333778
514,24,38,22,8.202706015
515,23,45,21,8.985348193
516,29,57,20,5.87707519
517,31,35,23,7.707595055
518,0,55,25,4.524171562
519,7,45,22,9.926212291
520,17,58,25,6.455592696
521,11,44,17,8.016210782
522,22,49,22,3.71105919
523,9,51,19,5.49091063
524,28,48,15,9.254089438
525,26,50,19,6.005242945
526,36,56,20,7.437078236
527,8,60,18,3.808429173
528,24,37,21,5.818219385
529,22,43,24,4.52363558
530,36,43,24,3.510404312
531,22,44,24,6.030447288
532,17,43,22,5.498340807999999
533,8,45,15,4.61136408
534,7,56,23,5.545219232000001
535,36,57,16,8.292875733999999
536,11,45,19,3.828031463
537,6,36,22,8.869532817
538,17,57,20,3.793575185
539,4,47,20,4.193189124
540,9,49,16,7.661537347999999
541,25,51,24,9.392694614
542,36,44,21,4.516154055
543,21,38,20,5.794289715
544,37,57,20,7.354286985
545,32,48,18,5.993513566
546,29,44,20,8.620107545
547,25,51,18,9.45949344
548,10,44,24,8.0344125
549,23,35,18,5.414492777
550,9,60,23,6.2760043360000015
551,3,58,21,9.160691747
552,22,42,22,7.887658711
553,12,39,21,8.183844843
554,39,36,22,9.072011412
555,32,41,16,7.702287236
556,30,41,15,5.88509677
557,19,36,22,6.16496284
558,4,46,15,3.504752314
559,21,39,20,7.388007482999999
560,35,57,25,8.340398059
561,22,55,24,8.66077954
562,35,51,17,3.558822825
563,17,56,17,5.9565851
564,28,57,17,9.416003106
565,22,36,16,8.18422855
566,11,41,19,5.131779302
567,38,38,18,6.294130312999999
568,23,37,24,7.991902443
569,25,35,20,8.923095695
570,40,45,20,6.878498176
571,23,58,19,5.243634848999999
572,2,56,23,7.550090941
573,3,56,17,8.709291687999999
574,26,51,25,7.792508067999999
575,39,42,20,8.055908857999999
576,27,59,20,4.397698806
577,24,45,19,5.9523849570000005
578,7,40,17,8.532078732999999
579,15,45,23,7.224193642
580,26,52,23,4.931890506
581,20,45,16,4.626212446
582,34,54,24,5.026003659
583,19,51,25,3.5253661
584,29,41,21,8.86979671
585,20,50,22,9.406887533
586,11,40,23,5.80428611
587,15,54,15,8.35495812
588,35,55,22,8.634929739
589,9,59,25,7.699200949
590,40,45,18,5.261285926
591,35,38,19,9.112771682
592,14,58,17,4.605700542
593,40,55,18,7.115994051
594,18,36,23,7.214078621
595,35,52,15,9.93509073
596,4,59,22,8.914074888
597,22,51,16,8.639586199
598,33,47,17,8.621514073
599,2,51,17,5.838508699
600,16,51,21,3.532008668
601,19,55,20,7.18530147
602,8,54,20,7.034214276
603,36,55,20,6.635968697999999
604,10,56,16,6.828187498999998
605,22,56,17,6.89077995
606,9,57,24,7.165121108999998
607,34,59,23,6.935804256
608,31,51,25,7.196774236
609,0,49,18,6.990095452
610,21,39,20,7.064782137999999
611,28,35,22,7.156563094
612,17,52,17,6.364967184
613,24,42,23,6.428054409
614,28,46,16,6.664187809
615,21,38,21,6.637677489
616,34,60,25,6.79385576
617,19,53,22,6.852884642999999
618,31,58,15,7.121571293
619,19,35,24,6.883308033
620,24,53,17,6.421271178
621,13,47,20,6.54450214
622,31,53,16,6.452006451
623,28,45,23,6.489259136
624,31,37,21,6.713410626
625,33,60,15,6.510840928
626,34,45,21,6.2873801170000005
627,13,57,25,6.86308576
628,33,57,17,6.78415271
629,32,57,22,6.769415887999999
630,23,59,25,6.320768488
631,35,41,18,6.7050085039999985
632,6,48,24,6.790736339
633,29,36,25,7.130278657000001
634,4,36,22,7.012740397000001
635,10,59,22,7.1556850160000005
636,14,48,21,6.991242362
637,8,50,21,6.218923893
638,20,40,15,7.199495367999999
639,36,43,22,6.3898821660000005
640,14,57,15,6.623438282
641,11,60,23,7.033012777000001
642,10,59,15,6.32400451
643,7,60,25,6.397636709
644,2,47,15,6.401455706
645,20,45,22,6.904587016
646,2,39,15,6.478557136
647,27,40,24,7.063022095
648,35,48,15,6.981758362000001
649,4,59,25,6.227134139
650,1,48,24,6.232836962
651,36,43,21,7.140437859
652,11,46,24,6.459252023
653,34,47,19,6.5687954039999985
654,21,44,18,7.12851089
655,17,58,20,6.42937879
656,25,40,21,6.248900919
657,2,38,18,6.619891497999999
658,9,48,20,6.377568542000001
659,37,49,25,6.415459592
660,36,38,15,6.3206620120000006
661,40,58,15,6.978400282000001
662,30,44,16,6.442335592999999
663,1,59,23,7.184398832
664,9,48,22,6.402926221
665,14,41,17,7.085982325
666,35,52,19,6.698574085
667,31,48,17,6.594739424
668,4,41,20,6.647965508
669,30,37,25,7.120032489
670,9,35,20,6.91380932
671,20,41,20,7.073048264
672,37,50,23,6.5304707
673,34,35,21,6.684381357
674,14,37,15,6.581351374
675,23,39,22,6.86483915
676,5,45,21,6.487124217000001
677,22,37,20,6.605733067999999
678,40,51,17,6.860602782000001
679,27,56,20,6.41874299
680,31,40,22,6.365513634
681,38,36,21,6.5563729660000005
682,6,37,17,6.760694227999999
683,6,47,18,6.715276662999999
684,24,44,17,6.666380512000001
685,25,59,19,6.626629798
686,32,56,21,6.702772465
687,8,45,18,7.011030515
688,19,39,17,6.890156495
689,39,37,15,6.821747052
690,33,37,19,7.183189922
691,26,54,17,6.27258822
692,21,51,15,6.679127482
693,22,54,20,6.689825155
694,29,45,16,6.583381939
695,4,40,21,6.725551062
696,10,37,22,7.0697478139999985
697,4,44,19,6.921993877999999
698,20,45,17,6.770955317
699,23,45,23,6.983130466
700,25,48,21,6.267684328
701,56,79,15,7.454532137
702,25,62,21,7.040056094
703,42,61,22,7.418650668
704,42,73,25,6.501869314
705,44,58,18,6.814410927999999
706,50,55,16,7.581442888
707,35,72,21,7.741418772
708,30,64,20,6.573531614
709,27,64,21,7.543804222999999
710,50,74,17,6.5408208
711,39,73,24,7.22405917
712,57,67,25,7.551364319
713,52,63,19,6.928898659
714,55,66,22,7.747775262999999
715,51,56,18,6.706505915
716,36,66,15,6.668238556
717,59,55,19,7.332375138
718,50,58,23,7.596802025
719,30,65,25,7.70650895
720,20,62,18,7.366542647
721,58,71,15,6.919243702
722,25,71,24,7.187721817999999
723,52,71,16,7.0758864720000005
724,40,63,18,6.74441168
725,20,60,25,6.726469087999999
726,48,61,21,6.628264883
727,49,68,22,7.127064207
728,48,62,15,7.538631462000001
729,32,66,17,7.162357641
730,21,63,22,6.859409487000001
731,20,72,19,7.397190844
732,25,65,21,6.880245789
733,41,78,21,6.581313137
734,53,67,17,7.296972161
735,39,60,21,6.97297656
736,25,76,17,7.241148507
737,21,78,19,6.92009048
738,57,60,17,7.504608385
739,56,75,15,7.152272256
740,49,72,15,7.137004749
741,24,80,19,6.8080417220000005
742,49,76,18,7.393631868
743,28,68,19,7.69950698
744,55,78,21,6.6028882489999985
745,50,64,25,6.734447425
746,34,80,19,6.521217963
747,20,68,23,7.707332484
748,55,67,16,6.596719015
749,23,70,15,7.403623355
750,53,74,15,7.517097
751,26,67,16,7.17620823
752,33,80,22,6.593961761
753,37,79,19,7.143942758
754,33,75,21,6.690655045
755,22,55,20,7.423530351
756,20,68,17,6.578714842999999
757,43,68,20,7.497469256
758,44,76,22,7.775306272000001
759,34,60,16,7.322555222999999
760,21,72,17,7.580527339
761,25,68,19,7.1084501210000015
762,41,62,15,7.358974541
763,28,65,23,7.405176138
764,35,64,15,6.500144962
765,52,58,16,7.167435834
766,58,75,25,7.261791753
767,34,66,19,7.586642101
768,52,70,16,7.534811832999999
769,23,57,19,7.251000789
770,42,58,25,6.513620917999999
771,37,62,17,7.121254928
772,44,75,22,7.574561547
773,21,80,20,7.350869792
774,56,76,16,7.5131510760000015
775,29,76,15,7.0256077060000015
776,43,61,20,6.804253866
777,55,60,15,7.163043872
778,44,63,15,7.338929556
779,29,67,21,6.621323612
780,47,63,16,6.661870999
781,40,68,17,7.733149554
782,58,61,15,7.402891666
783,41,74,18,6.599147297999999
784,58,79,17,7.04174124
785,27,62,24,7.353876754
786,27,60,17,7.0267953589999985
787,52,65,20,6.814301033
788,44,55,25,7.42160832
789,21,62,24,6.8473828910000005
790,60,59,22,7.191522601
791,33,77,21,7.01285529
792,59,58,17,7.368318809
793,29,63,17,7.26154329
794,59,63,18,6.52669158
795,29,70,15,6.872594461
796,58,73,16,6.874142175
797,55,77,22,7.76061831
798,42,79,23,6.781841984
799,44,77,21,7.326980454
800,38,62,25,7.453975408
801,32,76,15,7.604110177000001
802,13,61,22,7.728832424
803,38,60,20,7.491217102
804,11,74,17,6.633864582
805,37,71,16,7.324863481
806,29,71,18,6.410441476
807,2,72,18,7.836719564
808,6,59,21,6.139215944
809,13,64,20,6.590571088
810,8,58,17,7.286049977999999
811,6,77,20,6.058306161
812,2,75,22,6.658605362
813,3,69,23,7.299360767
814,27,80,24,7.815210661
815,39,78,15,5.925391795
816,40,79,17,6.403683619
817,37,62,22,7.397546271
818,31,60,24,7.722335992
819,22,67,22,7.475926645
820,3,78,18,6.887130053
821,4,80,16,7.441976825
822,13,61,24,7.629910252999999
823,12,66,20,7.336117221
824,4,61,21,6.75020529
825,9,60,21,7.52178027
826,18,66,22,6.347379185
827,32,56,18,7.135251532000001
828,6,72,15,7.670178119
829,15,77,20,7.399749291
830,0,65,24,7.841496029
831,30,79,22,6.254216611
832,3,63,16,6.868881707999999
833,2,78,23,7.320514721
834,10,78,18,6.296976913
835,14,67,25,7.241151936
836,39,65,23,7.685959305
837,19,72,15,6.890760124
838,18,57,21,6.155915975
839,31,58,15,6.167855382000001
840,28,58,25,6.861640036
841,5,65,19,6.978361689
842,16,65,19,7.043160241
843,34,65,19,5.94239222
844,14,69,19,7.239455147
845,22,55,16,6.516317561
846,24,61,17,6.233269045
847,2,79,15,7.505283615
848,26,63,17,6.950300686
849,27,61,15,6.958054839
850,24,70,16,6.54803469
851,13,74,25,6.461618577
852,6,64,23,7.065264073
853,12,58,23,6.765091462000001
854,32,79,22,5.91645379
855,6,68,18,6.711341147000001
856,10,79,20,6.379881442
857,38,77,22,6.313284267999999
858,17,74,17,7.393210848
859,26,68,24,7.504930973
860,23,75,17,7.198076286
861,32,78,22,7.007037515
862,19,79,19,6.677262562
863,22,60,18,6.74398035
864,28,69,16,6.547361617999999
865,1,67,21,6.551577598
866,12,67,23,6.585020302999999
867,36,67,20,6.924042372000001
868,28,70,21,7.437373666
869,12,71,19,7.142611056000002
870,22,68,16,7.74672376
871,26,66,22,6.300479414
872,16,65,16,6.078724107
873,14,59,22,6.76660668
874,33,59,19,7.641024177
875,21,63,17,6.559681838
876,0,69,21,7.072923306
877,10,75,17,7.732194787999999
878,30,61,18,6.157782589
879,0,74,17,7.240988401
880,35,74,22,6.898905799
881,7,63,24,6.818681086000002
882,9,56,17,6.261937875
883,14,74,15,6.493036868
884,14,76,20,7.042474679
885,36,65,16,7.692013657
886,28,67,21,6.250994222999999
887,28,79,16,6.0521848810000005
888,40,61,22,7.002216044
889,10,70,19,7.272427638
890,12,80,19,5.962001484
891,37,77,20,7.080506001
892,0,67,22,6.5937983870000005
893,7,73,25,7.28805662
894,10,56,18,7.32710972
895,39,70,15,6.366355781
896,26,56,22,7.011121216
897,9,77,17,6.280725549
898,4,59,19,7.621494566
899,34,73,15,7.630424082999999
900,33,77,15,7.802212437
901,2,24,38,5.922935513
902,6,18,37,5.937649577999999
903,8,26,36,6.804781106
904,37,18,39,6.424670614
905,0,27,38,6.7380162210000005
906,31,25,38,6.4973666770000005
907,21,21,38,6.327673765
908,6,30,40,6.36137446
909,25,27,41,6.9235093710000015
910,15,11,38,6.630646082999999
911,14,5,36,5.832525853
912,16,10,41,6.738993954
913,36,7,37,5.782435567
914,4,20,41,6.537042717
915,29,22,40,6.145104401
916,16,15,42,6.890784045
917,18,27,41,7.175344328
918,11,18,42,5.938528744
919,5,15,38,5.709380472
920,18,23,44,6.184400085
921,9,8,40,6.553509673
922,40,27,45,5.885638185
923,22,23,44,6.1438746910000015
924,9,16,39,6.101198974
925,12,29,40,6.594037135
926,0,17,42,6.8598408210000015
927,2,21,44,6.56893406
928,28,6,40,6.769855664
929,8,23,44,7.130837931
930,29,16,36,5.7403380020000006
931,17,18,43,5.843005428
932,34,21,42,6.6486872739999985
933,21,23,42,6.902751061
934,25,17,40,6.608023872
935,8,25,36,6.828522375
936,26,18,42,6.910374919
937,4,19,42,6.306605528
938,36,24,41,7.009180374
939,5,24,40,6.2979075789999985
940,19,17,39,6.728599215
941,39,30,38,6.965156737999999
942,5,29,44,5.578095745
943,4,24,43,7.199504273
944,38,21,35,5.841367187
945,37,11,36,6.710143266
946,9,25,41,5.972714857000001
947,29,22,43,5.561851831
948,5,21,38,6.107054807999999
949,22,26,38,6.988035315
950,4,18,37,7.13147457
951,21,6,41,7.086947687
952,29,21,45,6.749260456
953,23,5,44,7.16300467
954,13,7,43,7.013481515
955,5,13,37,5.6482436489999985
956,27,24,41,6.610251186
957,7,23,35,7.054313822999999
958,12,20,39,6.026999326
959,4,19,43,5.7794274020000005
960,3,9,45,6.535244251
961,1,27,36,5.684995235
962,23,30,44,6.12476108
963,24,21,42,6.999014379
964,13,30,37,6.277148771
965,40,11,44,6.322396027000001
966,21,9,40,5.956401828
967,3,27,44,6.591302797000001
968,40,29,42,7.104094929
969,14,25,40,6.407872061
970,38,14,37,6.658402594
971,34,9,36,6.276038961
972,32,14,37,6.825256236
973,18,21,35,6.368560522
974,8,23,38,7.005410734
975,15,6,41,6.8973684770000006
976,0,5,36,6.152906502
977,22,9,44,5.744361602000001
978,14,8,43,7.051654924
979,31,11,45,6.034612928
980,39,17,45,6.9244907310000015
981,10,5,42,6.887005997
982,8,28,38,6.8444019
983,32,13,42,5.786058032000001
984,18,9,40,5.627186257000001
985,20,27,41,5.700088663
986,39,25,36,5.567805185
987,20,7,45,6.077886012
988,11,10,45,6.397995609
989,40,18,43,5.767372539
990,3,26,39,7.079973241
991,9,16,36,5.893332377999999
992,30,20,38,7.058222596
993,40,9,41,5.78270695
994,40,30,35,6.269663962999999
995,32,25,35,5.892913826
996,33,23,45,7.116538883
997,4,14,41,6.430163481
998,13,17,45,7.159520979
999,39,24,39,6.431265737
1000,8,28,37,6.082571701
1001,91,94,46,6.149934034
1002,105,95,50,5.849076099
1003,108,92,53,6.276800323
1004,86,76,54,5.926824754
1005,80,77,49,5.519088423
1006,93,94,53,6.079178787999999
1007,90,92,55,6.13465588
1008,108,89,53,5.8084976039999985
1009,108,88,55,5.891458107
1010,105,77,52,5.8166224789999985
1011,118,88,52,5.8431631610000005
1012,101,87,54,6.376756632999999
1013,95,75,50,5.623615687000001
1014,106,85,53,5.91505509
1015,86,95,49,6.458714879
1016,83,79,55,5.565028635
1017,85,95,47,6.211833161
1018,109,79,45,6.490074429
1019,100,76,45,5.590236025
1020,117,86,48,6.2252252389999985
1021,114,94,53,6.1907574589999985
1022,110,78,50,5.915568968
1023,94,70,48,6.195152442
1024,80,71,47,6.156373499
1025,114,79,51,6.313197204
1026,88,78,45,6.324270089
1027,112,73,48,5.7074889870000005
1028,117,76,47,6.119216009
1029,111,87,48,5.571401169
1030,89,83,47,5.63127166
1031,93,91,47,6.101241579
1032,92,81,52,6.438137278999998
1033,105,74,45,6.098369122
1034,102,71,48,5.695267822000001
1035,94,91,51,5.6180944460000015
1036,116,71,47,6.435785799
1037,117,79,49,6.176644228
1038,119,72,55,6.220643671
1039,99,73,53,5.8717022110000014
1040,91,84,52,6.390741836
1041,80,90,47,6.21084479
1042,101,70,48,6.012696655
1043,108,89,53,5.908770059
1044,100,80,52,6.049801781
1045,109,91,53,6.010095852999999
1046,82,78,46,5.738678895
1047,106,70,55,5.74055541
1048,90,86,52,5.793260262
1049,83,95,50,5.50947065
1050,119,90,48,5.986442306
1051,107,72,45,5.790768046
1052,116,81,55,5.915546415
1053,101,75,50,6.242528277999999
1054,93,81,50,6.0360792660000016
1055,95,75,45,5.829898502000001
1056,107,71,55,6.088064451
1057,83,94,47,6.469370954
1058,102,73,54,5.720726906
1059,86,79,45,5.80766417
1060,117,86,53,5.703381727999999
1061,111,79,53,6.165001277999999
1062,95,74,50,6.002481605
1063,91,75,55,6.212369363
1064,93,83,46,5.765308943
1065,92,85,51,5.740764682000001
1066,104,80,54,5.879119455
1067,103,72,51,6.099478745
1068,92,75,45,5.6744033589999985
1069,93,85,49,5.694243847
1070,120,87,52,5.905494703
1071,108,72,46,6.110844721
1072,105,88,54,6.020445317
1073,98,79,50,6.435917308
1074,111,88,55,5.505393832999999
1075,97,74,45,5.677719902000001
1076,95,82,48,5.719014989
1077,89,91,55,6.275572297999999
1078,89,85,55,6.275384607
1079,118,88,51,6.201911642000001
1080,101,92,45,5.758054257
1081,99,92,47,6.3239336470000005
1082,82,77,46,5.901100841
1083,90,86,55,5.644486582000001
1084,95,88,52,6.235461772000001
1085,104,73,46,6.28236237
1086,102,73,52,6.356090905
1087,100,74,52,5.837258235
1088,94,89,48,5.653437902
1089,99,70,46,5.727469947
1090,112,87,48,6.200111067999999
1091,117,82,45,5.614471478
1092,96,86,51,6.257369799
1093,113,85,45,6.037430836
1094,105,93,46,5.760457558
1095,85,89,51,6.1581644220000005
1096,108,94,47,6.387431382999999
1097,92,81,52,5.891413895
1098,110,71,54,5.725418961
1099,82,75,55,6.281069505
1100,117,81,53,5.507641777999999
1101,2,40,27,5.954626604
1102,39,24,31,4.757114897
1103,21,26,27,5.6995869720000005
1104,25,22,25,5.977413802999999
1105,0,21,32,6.430139436
1106,20,19,35,6.113935087000001
1107,19,21,34,5.074272692
1108,18,17,31,5.667507706
1109,11,36,33,5.978634285
1110,30,28,30,5.064613314
1111,18,19,27,4.772385986000001
1112,23,23,27,5.161148592
1113,37,30,34,6.797779227
1114,11,27,30,6.39474303
1115,12,19,31,5.566704378
1116,3,28,33,5.755049971
1117,37,38,32,5.417340525
1118,26,37,30,6.1661738339999985
1119,14,18,30,5.191265116
1120,40,16,35,4.954739564
1121,4,20,25,5.664587011
1122,36,25,33,5.548584852
1123,30,17,31,6.804437106
1124,28,37,28,6.097869767000001
1125,38,15,30,5.075504537
1126,12,37,30,4.546466109
1127,38,19,31,5.855119267999999
1128,8,33,29,6.442393461
1129,15,27,28,4.507523551
1130,34,16,25,6.10729559
1131,11,36,31,6.47544932
1132,33,29,34,6.8329795089999985
1133,12,31,26,5.395275719
1134,12,34,28,6.13526938
1135,5,16,31,4.555688532
1136,1,30,29,6.4341977560000005
1137,16,35,31,5.316875978000001
1138,35,18,26,5.279388967
1139,4,40,26,6.720041791
1140,9,29,34,5.72742254
1141,2,38,33,4.691396195
1142,26,32,32,6.810186079
1143,34,38,31,6.454045329
1144,5,32,33,5.842763773
1145,31,29,26,5.024124683999999
1146,34,34,35,6.422710539
1147,36,19,32,4.94295037
1148,7,17,26,6.414526606
1149,38,15,27,6.777788126
1150,5,19,25,6.441328044
1151,37,36,26,4.650536197
1152,21,31,32,5.254532213
1153,37,36,27,5.910634533
1154,23,23,30,4.755273631000001
1155,36,26,26,6.814630246
1156,24,33,35,5.342866119
1157,26,18,30,6.3362346239999985
1158,22,17,26,4.754435025
1159,11,34,32,6.831706773
1160,29,35,28,6.9674177660000005
1161,22,28,26,4.947683034
1162,23,24,32,5.630619901
1163,1,35,34,6.27339822
1164,2,24,34,6.472774648
1165,39,37,25,6.953246506
1166,15,36,27,5.6437102160000014
1167,3,18,31,6.392313972999999
1168,8,38,32,4.981816523
1169,33,31,34,5.421265282999999
1170,14,29,32,6.942520105
1171,18,20,26,5.435840509
1172,9,21,32,5.870116071
1173,20,30,27,4.74910393
1174,9,38,25,5.497946899
1175,26,24,34,6.811291098
1176,31,36,29,6.460542749
1177,14,18,35,4.791146778
1178,40,16,35,6.4841522000000005
1179,28,27,34,6.526654345
1180,0,17,30,6.279133738
1181,1,29,29,6.052026047000001
1182,2,36,31,5.73171945
1183,12,27,26,5.32307197
1184,7,28,35,4.66910839
1185,0,36,26,5.101206389
1186,26,35,31,5.339556562
1187,27,21,30,5.061081874
1188,22,38,31,5.8211060360000015
1189,22,18,31,5.956027059
1190,28,23,28,5.676032581
1191,7,31,27,6.524114355
1192,29,34,26,6.2739536760000005
1193,8,37,33,6.128167757000001
1194,39,16,27,4.934964765
1195,40,24,25,5.445008416
1196,19,38,26,4.525722333
1197,21,21,30,5.403908327999999
1198,22,18,33,6.621623545
1199,31,20,30,6.207495815
1200,18,26,31,5.418475257000001
1201,24,130,195,6.112305667
1202,13,144,204,6.092241627000001
1203,22,123,205,5.896343436
1204,36,125,196,6.15526103
1205,24,131,196,5.732453638
1206,2,123,198,6.253034534
1207,35,140,197,6.106190557000001
1208,11,122,195,5.647202395
1209,6,123,203,6.130310493
1210,17,134,204,6.499604931
1211,25,130,197,5.554831977
1212,27,145,205,5.800242694
1213,9,122,201,5.570290539
1214,16,139,203,6.27564088
1215,32,141,204,5.536645599
1216,22,138,195,6.208196881
1217,31,144,202,5.870600622
1218,3,136,205,6.334771461
1219,28,122,197,5.856575335
1220,4,136,204,5.898944282
1221,39,145,201,5.775600435
1222,38,132,197,5.931101816
1223,36,133,198,6.2286454
1224,25,121,201,5.594240602999999
1225,15,125,199,5.569230319
1226,24,140,205,5.93202852
1227,13,132,203,6.423216506
1228,5,126,197,6.417500829
1229,30,120,200,6.234904253
1230,23,142,197,6.000573725
1231,26,135,203,5.6851027689999984
1232,7,126,203,5.662140095
1233,32,139,198,6.358186848
1234,9,141,202,6.119495295
1235,20,142,196,6.207600782999999
1236,32,129,201,6.48754639
1237,3,134,199,5.81717753
1238,38,138,204,6.325480034
1239,14,131,198,5.562790949
1240,20,122,204,6.487369687
1241,40,126,201,6.116982944
1242,36,128,204,5.695792761
1243,11,132,197,5.7343170070000005
1244,0,137,195,6.329499832000001
1245,19,123,200,6.167013532
1246,31,136,197,5.653776057999999
1247,4,134,200,5.840256272
1248,39,139,201,5.5399808120000005
1249,8,127,196,5.833302165
1250,39,138,203,6.399433771
1251,32,120,204,6.138958698
1252,12,142,203,5.972850837999999
1253,8,133,195,6.456079585
1254,8,139,199,6.3364266670000005
1255,21,134,202,6.425419926
1256,40,140,195,6.2943956760000015
1257,39,127,202,6.477768039
1258,19,120,195,5.931538447
1259,21,139,201,5.980598579
1260,17,136,195,6.389783283
1261,33,139,203,5.693287415
1262,22,133,201,6.00299607
1263,32,130,196,6.372959542
1264,37,135,205,5.5109248489999985
1265,15,140,195,5.69945282
1266,39,132,196,5.778594403
1267,40,121,199,6.315586313
1268,40,132,202,5.9718130060000005
1269,29,142,203,5.891195653
1270,32,121,199,6.129812716
1271,6,140,205,6.313085601
1272,8,120,196,6.053662544
1273,34,133,202,5.804799142
1274,35,135,199,6.400719746
1275,16,145,199,5.953966361
1276,8,136,201,5.6092559920000005
1277,25,129,195,5.777271492000001
1278,16,130,201,5.682395429
1279,39,129,203,5.863996687
1280,38,135,203,6.444373116
1281,33,120,205,5.550832177999999
1282,35,125,204,6.107741787999999
1283,1,132,200,5.620745638
1284,39,140,203,6.349875906
1285,28,145,202,6.484323189
1286,6,128,200,5.838748311
1287,6,139,199,6.29099842
1288,29,122,196,5.638328481
1289,37,144,197,6.415555956
1290,38,120,197,6.323722572
1291,38,141,198,5.757009965
1292,14,121,203,6.1586894060000015
1293,6,125,204,5.7335398070000005
1294,32,138,197,5.908724337000001
1295,11,124,204,6.361141107000001
1296,23,138,200,5.96537863
1297,40,143,201,6.476757723
1298,6,142,202,6.224542938
1299,37,124,195,6.209928251
1300,35,134,204,5.841138354
1301,119,25,51,6.283818329
1302,119,19,55,6.818261382999999
1303,105,30,50,6.37620108
1304,114,8,50,6.581587932000001
1305,93,22,52,6.932739726
1306,80,26,55,6.140099215
1307,85,27,45,6.467095849
1308,85,22,53,6.849471704
1309,82,22,45,6.512196212
1310,118,13,54,6.039584629
1311,83,25,53,6.057697106
1312,86,15,47,6.423898762
1313,101,10,47,6.936997681
1314,119,9,50,6.251286661
1315,104,17,46,6.190015912000001
1316,95,12,51,6.681606702000001
1317,102,14,52,6.51075991
1318,109,21,55,6.770278088
1319,81,18,50,6.429788072999999
1320,103,17,51,6.209888345
1321,105,14,50,6.419052193
1322,97,8,52,6.237861736
1323,120,19,49,6.762471628999998
1324,95,16,55,6.612847999
1325,83,29,52,6.704688865
1326,83,9,45,6.049609892
1327,91,21,50,6.762030215
1328,116,5,54,6.65398725
1329,112,28,54,6.738030547
1330,88,29,51,6.095689937
1331,118,15,45,6.538006356
1332,92,21,48,6.377427122
1333,106,14,45,6.417011754
1334,99,5,47,6.649086972
1335,98,8,51,6.25933595
1336,108,22,46,6.121168559
1337,119,7,55,6.031424482
1338,117,27,48,6.8352681839999985
1339,109,10,53,6.5517503060000015
1340,80,16,46,6.940236218
1341,100,18,52,6.87606733
1342,91,7,53,6.457216535
1343,86,6,53,6.921847887999999
1344,107,5,52,6.8814257460000015
1345,103,16,49,6.915717008
1346,101,20,48,6.2062474939999985
1347,85,25,47,6.29542477
1348,84,7,51,6.399669044
1349,102,28,54,6.862157042000001
1350,98,25,52,6.224066378
1351,97,25,50,6.093814669
1352,90,16,45,6.291540277999999
1353,95,12,46,6.32281728
1354,82,23,49,6.873283991
1355,82,25,51,6.074209622000001
1356,110,28,46,6.49889585
1357,118,21,51,6.678805092
1358,120,20,45,6.114128685
1359,91,7,52,6.405054243
1360,81,6,55,6.110142735
1361,101,13,54,6.828982708
1362,101,17,55,6.4514997639999985
1363,111,6,53,6.3135129989999985
1364,107,10,49,6.755192025
1365,115,11,46,6.623167177000001
1366,84,25,52,6.12532356
1367,120,7,47,6.653867608
1368,91,12,46,6.343942518
1369,89,22,52,6.217300786
1370,113,19,46,6.286387658
1371,97,22,50,6.769893799999998
1372,117,30,50,6.744966312000001
1373,90,14,52,6.391858432
1374,104,23,47,6.770434148
1375,81,16,45,6.727468157000001
1376,88,5,47,6.662244646
1377,92,7,45,6.944640222
1378,81,18,50,6.507110986
1379,111,5,55,6.520663422
1380,108,23,51,6.106500787000001
1381,113,30,50,6.277484042999999
1382,83,10,53,6.195142279
1383,101,11,51,6.792035575
1384,114,21,55,6.472756256
1385,99,6,45,6.000975617000001
1386,92,20,55,6.5877912620000005
1387,92,7,48,6.956508826
1388,91,24,55,6.259086582999999
1389,110,21,54,6.747537642
1390,112,25,51,6.932537231
1391,89,25,54,6.353107392999999
1392,100,10,53,6.211748957
1393,83,22,54,6.2772452539999986
1394,95,14,50,6.560443519
1395,119,30,49,6.903020221
1396,97,12,47,6.765094963999998
1397,110,7,45,6.189213927000001
1398,96,18,50,6.904241707000001
1399,83,23,55,6.463271076
1400,120,24,47,6.260838965
1401,115,17,55,6.776533055
1402,114,27,48,6.528404377999999
1403,101,25,52,6.750145572
1404,118,18,52,6.562832807
1405,95,26,45,6.117530021
1406,81,25,49,6.076459669
1407,117,24,53,6.293486295
1408,114,30,51,6.069171847000001
1409,113,6,52,6.740983646
1410,108,26,52,6.201797639
1411,81,30,48,6.041027474
1412,115,9,52,6.019372459
1413,83,7,45,6.704104127000001
1414,84,21,55,6.494251024
1415,109,26,45,6.224535448999998
1416,95,27,55,6.160414414
1417,119,5,55,6.168757984
1418,110,14,51,6.085444691
1419,82,18,48,6.1590508160000015
1420,87,14,48,6.606033244
1421,85,9,53,6.447662945
1422,100,6,53,6.105909623
1423,107,12,46,6.559763394
1424,91,13,47,6.14410903
1425,102,25,50,6.099662369
1426,117,25,53,6.413927319
1427,85,21,52,6.0751441160000015
1428,104,25,55,6.123802502
1429,102,24,54,6.698468621
1430,116,25,50,6.088885814
1431,100,17,48,6.367800632000001
1432,110,25,54,6.425930938
1433,104,25,51,6.469983276000002
1434,107,11,54,6.094016337999999
1435,98,26,52,6.1500908989999985
1436,88,17,52,6.646962425
1437,87,25,46,6.379690748
1438,120,8,46,6.732834334
1439,95,13,46,6.126019932
1440,108,22,47,6.161123579
1441,82,13,52,6.442810053
1442,120,23,55,6.732049075
1443,110,22,47,6.243673725
1444,95,23,45,6.266208727
1445,106,10,49,6.350623739
1446,99,12,52,6.002927293
1447,106,20,51,6.342573112
1448,83,11,53,6.163921247999999
1449,117,19,55,6.121745389
1450,98,26,49,6.130160472999999
1451,113,20,48,6.440584681
1452,101,17,47,6.185053234
1453,98,7,45,6.157724816
1454,93,22,48,6.776987974
1455,95,21,47,6.431970877
1456,109,12,48,6.708743843
1457,118,12,47,6.010739645
1458,100,14,49,6.365956657999999
1459,89,9,47,6.6683827660000015
1460,95,16,46,6.74669542
1461,95,7,45,6.031665834
1462,87,6,45,6.40077205
1463,93,20,50,6.4487926889999985
1464,84,29,49,6.251420275
1465,111,5,47,6.2744528110000015
1466,111,5,52,6.135996372
1467,111,15,54,6.194090172
1468,89,11,47,6.327822962000001
1469,110,15,48,6.2125672110000005
1470,95,30,52,6.640470862999999
1471,115,12,52,6.685553129
1472,120,25,50,6.327210469
1473,102,11,45,6.35544263
1474,94,5,55,6.0856823439999985
1475,84,18,46,6.781050372999999
1476,107,22,54,6.630301421
1477,80,18,52,6.484799661
1478,86,18,45,6.566759102000001
1479,113,28,48,6.170520517999999
1480,115,18,53,6.0124803510000016
1481,82,20,54,6.541150335
1482,98,22,47,6.341400922
1483,117,25,54,6.1506863639999985
1484,83,15,49,6.438008152999999
1485,120,16,51,6.547041902999999
1486,111,5,50,6.399891457000001
1487,85,21,47,6.186770318
1488,90,23,54,6.159020864
1489,99,29,55,6.660954816
1490,102,11,47,6.5049069789999985
1491,80,18,51,6.706053225
1492,87,21,52,6.067665497999999
1493,114,8,52,6.419083092
1494,99,6,46,6.39637861
1495,89,25,50,6.375923383
1496,96,13,55,6.700337732
1497,82,26,47,6.565312652999999
1498,106,21,52,6.286515359
1499,90,15,52,6.448061578
1500,106,16,54,6.585872508
1501,24,128,196,5.521466996
1502,7,144,197,6.133220586
1503,14,128,205,6.226289556
1504,8,120,201,6.321152192
1505,20,129,201,5.587905967
1506,32,137,204,5.824151692999999
1507,27,139,205,5.7721799460000005
1508,0,123,205,5.790993052
1509,22,144,196,6.4992268210000015
1510,1,124,199,5.658473817000001
1511,30,122,197,5.573241391
1512,29,121,196,6.079497202000001
1513,13,126,204,6.3831802710000005
1514,9,139,199,5.867420996
1515,0,133,200,5.708418722
1516,30,143,199,5.7983508000000015
1517,36,140,198,6.28188384
1518,37,137,199,5.697945522
1519,33,121,203,5.6059340870000005
1520,7,144,195,5.85648105
1521,35,128,205,6.041053829
1522,29,128,198,5.685062404
1523,2,143,196,5.669489065
1524,34,140,198,5.751707342
1525,29,144,204,5.800448951
1526,32,141,203,5.821347769
1527,13,144,197,6.28022267
1528,25,143,198,6.027314401
1529,9,137,200,5.636687393
1530,6,144,198,5.559363609
1531,37,126,196,5.596449493
1532,2,120,203,5.8934929989999985
1533,11,143,197,5.875718516
1534,10,141,201,6.386021424
1535,24,142,202,5.710819862
1536,23,138,195,5.7959857160000015
1537,18,125,204,6.046673619
1538,13,121,196,6.443382913
1539,26,122,202,5.617227184
1540,28,123,202,6.442289294
1541,26,121,201,6.162034371
1542,21,137,196,5.812781806
1543,21,135,198,5.7650151260000015
1544,5,144,205,6.184922574
1545,2,123,205,5.739652177000001
1546,15,133,199,5.8247786360000005
1547,31,130,198,5.554823557000001
1548,25,143,200,6.024248787
1549,16,143,204,5.631333387000001
1550,19,122,202,5.811975094
1551,10,125,196,5.730557448
1552,20,139,202,5.66999105
1553,28,123,198,5.682751473
1554,28,136,200,6.245858905
1555,2,131,199,6.017370134
1556,2,140,197,5.53456749
1557,27,138,201,5.952367662
1558,30,127,204,6.126436584
1559,32,145,203,6.406818518
1560,29,139,205,6.155939452999999
1561,26,126,195,5.878568981
1562,40,136,202,5.935336307999999
1563,6,124,200,5.971332179
1564,35,138,200,5.67130617
1565,17,136,196,5.882155987999999
1566,33,134,205,6.08551916
1567,16,143,197,5.90402645
1568,27,120,200,6.1102188260000005
1569,29,145,205,6.212302608
1570,3,141,197,6.142803397000001
1571,15,123,204,6.365972687999999
1572,5,136,195,6.264202804
1573,10,136,204,6.276198595
1574,7,141,195,5.514253142
1575,2,129,201,5.682343744
1576,29,138,197,5.830892252000001
1577,30,137,200,5.603413172000001
1578,29,132,204,6.0967531
1579,14,139,197,6.056529526
1580,18,125,203,6.160267496
1581,33,143,204,5.814434775
1582,40,144,196,5.987262638
1583,9,143,197,5.570020684
1584,38,135,203,5.9655513110000005
1585,28,130,196,6.062356467000001
1586,35,142,203,5.895319002000001
1587,12,129,205,6.119432215
1588,1,135,203,5.624203283
1589,0,145,205,5.52078314
1590,31,121,201,5.731535257999999
1591,35,131,203,5.893490899
1592,29,140,195,5.560521058
1593,33,138,198,6.222390797999999
1594,14,140,197,6.071255131
1595,35,145,195,6.231950009
1596,40,120,197,5.889480679
1597,25,132,198,5.732757516
1598,31,137,196,6.400321212000001
1599,36,144,196,6.496934492
1600,10,140,197,6.229498836
1601,22,30,12,6.3540067439999985
1602,37,6,13,7.511755067999999
1603,27,13,6,7.335158382
1604,7,16,9,7.813916602999999
1605,20,7,9,7.1291369410000005
1606,26,27,10,6.079998496
1607,5,23,15,7.408939392000001
1608,0,18,14,7.207991261
1609,39,24,14,7.189259647
1610,13,23,6,7.365338111
1611,21,17,15,7.455991072000001
1612,33,12,8,6.822282114
1613,6,9,12,7.028746406000002
1614,19,7,10,6.118430299
1615,24,18,6,6.285312759
1616,9,11,8,6.559236744
1617,31,8,7,7.163245982
1618,22,17,5,6.945562889
1619,13,5,8,7.474710503
1620,16,8,9,7.601189842999999
1621,4,13,6,7.5611432239999985
1622,0,25,14,6.361671475
1623,8,7,10,6.929216014
1624,4,23,5,7.477935216
1625,33,14,8,7.684420446
1626,30,7,15,7.825531916
1627,21,29,12,6.438668989
1628,11,14,5,6.946354724
1629,9,8,15,7.994465371
1630,5,18,14,7.434118807000001
1631,29,25,14,7.781988584
1632,33,12,15,6.052318465
1633,8,16,6,7.106650373
1634,15,14,8,6.22094286
1635,16,7,8,6.420457311
1636,0,12,7,6.969249676
1637,5,25,6,6.0113021810000005
1638,6,8,11,6.600948787999999
1639,10,5,5,7.817846496
1640,1,17,6,6.8198271
1641,1,30,10,7.291405641
1642,0,23,15,7.598729065
1643,24,27,9,6.157135092000001
1644,36,11,13,7.1917274
1645,40,21,8,7.418761774
1646,40,22,6,6.488221135
1647,32,18,13,6.044167236
1648,9,10,10,6.010391864
1649,13,16,8,6.949838549
1650,15,9,11,7.907956251
1651,29,11,5,7.639788459
1652,1,15,9,7.53350946
1653,18,5,11,6.251586885
1654,14,22,9,6.543191814
1655,33,15,7,7.651225301
1656,4,6,7,6.708889665
1657,17,16,14,6.625538653
1658,12,20,10,6.528354932
1659,34,29,8,6.450640306
1660,39,28,10,7.181907673
1661,31,25,12,7.016482298
1662,12,6,8,6.388617138
1663,12,29,13,7.57125447
1664,26,11,11,7.609348255
1665,19,24,15,7.137136973
1666,39,21,9,6.354022554
1667,16,29,13,6.196907944
1668,36,29,13,7.829507245
1669,37,23,12,6.395258356
1670,39,9,15,7.992041984
1671,31,5,14,6.583411671
1672,18,12,8,6.206053072
1673,20,20,10,6.976997772000001
1674,5,8,5,6.562594972
1675,20,8,12,7.260416405
1676,25,21,11,6.460044777999999
1677,14,19,14,6.699164936
1678,37,18,12,7.401121811
1679,26,15,6,6.912033409
1680,13,22,5,7.764040111
1681,32,25,9,7.796034006
1682,19,7,9,6.969883482999999
1683,28,7,9,6.730757538
1684,24,30,11,6.601395755
1685,7,17,10,6.465913274
1686,18,23,8,6.41354791
1687,7,20,12,6.475275337
1688,20,23,11,6.407715561
1689,18,14,11,6.550814117000001
1690,34,11,10,7.36220835
1691,20,29,10,7.36549204
1692,37,24,13,7.8546243
1693,12,8,10,7.995848977
1694,34,10,14,6.725600855
1695,6,13,9,7.786725333
1696,27,30,5,7.656978112000001
1697,13,8,12,7.105904818
1698,6,7,7,7.199106204
1699,40,17,15,7.871063004
1700,31,26,9,7.566165721
1701,61,68,50,6.7932454170000005
1702,58,46,45,6.576261427
1703,45,47,55,6.751452932
1704,39,65,53,6.560743092999999
1705,31,68,45,6.938313356
1706,70,68,45,6.991626158
1707,68,62,50,6.977700268
1708,34,65,47,6.833768535
1709,38,68,54,6.739170045
1710,69,64,47,6.993473247000001
1711,58,51,47,6.757470637000001
1712,59,47,53,6.8506632320000005
1713,44,64,54,6.74274935
1714,56,57,48,6.506120752
1715,69,60,54,6.98992719
1716,56,58,49,6.69215564
1717,49,55,53,6.544029776
1718,38,51,52,6.927803911
1719,54,65,47,6.721835879
1720,57,57,51,6.99223441
1721,39,52,53,6.704204398
1722,58,67,45,6.702424548
1723,61,64,52,6.641098708
1724,34,62,55,6.585346229
1725,31,48,45,6.563134737
1726,47,46,52,6.502289472999999
1727,32,68,52,6.800321319
1728,36,59,46,6.721130542999999
1729,61,51,51,6.574677594
1730,70,54,46,6.919342407
1731,44,56,49,6.519779582999999
1732,34,68,51,6.687088097999999
1733,50,59,47,6.747975732
1734,39,70,52,6.65149129
1735,34,61,49,6.502675132
1736,44,60,55,6.825371185
1737,31,62,52,6.99104104
1738,65,62,51,6.5116248410000015
1739,44,57,53,6.93172108
1740,50,47,48,6.712772332999999
1741,43,50,48,6.63016515
1742,60,46,53,6.761953186
1743,70,68,55,6.691202286
1744,59,62,52,6.6086676839999985
1745,60,58,51,6.840802254
1746,42,60,47,6.834808347999999
1747,35,66,47,6.953439161
1748,34,65,48,6.665024507999999
1749,36,54,46,6.662875839
1750,39,64,52,6.678695788
1751,37,52,47,6.54277684
1752,33,47,46,6.839443833
1753,34,48,48,6.805277038
1754,49,54,50,6.762522087000001
1755,40,65,49,6.678449317999999
1756,68,52,49,6.577192175
1757,50,46,52,6.734005647999999
1758,65,63,50,6.524459342
1759,40,49,47,6.501521192
1760,42,53,48,6.758479569
1761,49,55,51,6.676578778
1762,59,62,49,6.941496806
1763,63,58,47,6.864143752
1764,70,65,52,6.583528529
1765,63,50,52,6.751747609
1766,40,64,47,6.893509446
1767,63,58,50,6.720744449
1768,45,58,49,6.827812549
1769,66,69,47,6.912299695
1770,54,67,52,6.586107335
1771,69,67,52,6.827305908
1772,67,68,49,6.821774589
1773,45,57,47,6.656458831
1774,56,50,52,6.770384816
1775,70,50,53,6.933809742999999
1776,44,47,45,6.579441304
1777,50,60,47,6.92791761
1778,52,51,53,6.985804083
1779,35,68,45,6.612429546
1780,68,69,52,6.813383387000001
1781,32,55,52,6.967759599999999
1782,32,55,51,6.57398033
1783,48,62,47,6.803094965
1784,39,69,53,6.964955435
1785,49,61,45,6.764213299
1786,48,57,54,6.617703177999999
1787,69,66,49,6.52711001
1788,53,55,55,6.709668804
1789,38,61,52,6.620729882000001
1790,57,64,55,6.5837604989999985
1791,51,57,55,6.6764073370000006
1792,56,65,45,6.751298936
1793,54,66,52,6.867554147000001
1794,58,55,47,6.7424900270000006
1795,68,70,54,6.986228647000001
1796,42,59,55,6.979102243
1797,43,64,47,6.8256647820000005
1798,35,67,49,6.617066674
1799,56,59,55,6.551892637999999
1800,39,64,53,6.598860305
1801,18,30,29,6.4200187170000005
1802,37,23,28,5.7400545670000005
1803,13,28,33,5.686972967000001
1804,2,21,35,6.293662362999999
1805,10,18,35,6.381975465
1806,7,11,32,5.5421691389999985
1807,39,5,31,5.551963184
1808,34,6,27,5.8607404810000014
1809,31,30,29,5.558807063
1810,25,7,35,5.55771171
1811,16,18,26,5.568365926
1812,26,10,33,6.07071786
1813,27,8,32,5.627860548999998
1814,37,18,30,6.38488418
1815,19,15,34,5.6858890660000005
1816,0,19,33,6.234458417000001
1817,31,20,26,6.443168642000001
1818,9,17,32,5.842317989
1819,22,11,29,5.955742971
1820,31,6,26,5.741367375
1821,34,6,30,5.948342571
1822,24,6,32,6.387067562
1823,1,8,26,5.562911913
1824,31,13,33,5.85971872
1825,10,9,28,6.282955072999999
1826,36,27,26,6.25449571
1827,38,24,33,5.973853124
1828,11,6,25,6.081568052000001
1829,16,14,30,6.37466756
1830,33,14,35,6.027707171
1831,16,6,29,5.868285082000001
1832,32,11,31,6.205931637999999
1833,38,14,30,5.5707453860000005
1834,8,6,33,6.095261012999999
1835,23,6,33,6.025789594
1836,29,25,35,5.542873799
1837,24,14,33,6.366219551
1838,32,12,30,5.579845008
1839,30,25,31,5.804965067
1840,14,21,35,6.121005506
1841,27,22,29,6.000248647
1842,40,5,29,5.820978791
1843,17,11,32,5.620733794
1844,30,30,35,6.001936419
1845,28,10,30,6.305740522000001
1846,39,7,29,6.362544111
1847,32,20,35,5.588655387
1848,7,15,32,6.182232762000001
1849,29,17,29,5.959493188
1850,34,15,34,5.677282677999999
1851,14,23,25,5.6121227970000005
1852,18,19,29,6.206077742000001
1853,7,21,35,5.764812076
1854,24,27,34,6.203376525
1855,39,29,29,6.143662699
1856,29,8,28,6.100429497
1857,10,24,27,5.7084096010000005
1858,0,29,32,5.868255858
1859,32,11,31,6.461225827000001
1860,37,10,32,6.165084855
1861,20,29,27,6.047044342
1862,31,29,35,6.137102505
1863,17,30,27,5.894027065
1864,1,12,30,5.56222383
1865,6,13,29,5.832608027999999
1866,15,28,32,6.2185718739999984
1867,27,24,29,6.142010637
1868,3,23,30,6.078807239
1869,8,26,26,5.702484758
1870,20,28,26,5.547594847
1871,26,18,27,5.836075368
1872,1,6,35,6.231662767
1873,27,30,31,5.718120393
1874,23,7,34,5.852038202
1875,0,26,31,5.547933273
1876,38,6,25,6.156259104
1877,25,12,26,6.436314406
1878,40,5,32,5.981169595
1879,0,19,31,6.271952832999999
1880,26,9,32,6.470465614
1881,35,30,34,6.141502001
1882,19,30,30,5.826381164
1883,31,13,33,6.342463714
1884,17,29,26,6.071897347
1885,2,30,30,6.331051715
1886,30,13,25,6.413184638
1887,8,15,33,5.50158009
1888,18,12,35,6.338720873
1889,8,28,30,6.015672239
1890,40,22,29,5.735364307
1891,27,10,33,6.465906333
1892,21,20,31,5.855457599
1893,3,9,35,6.318552972999999
1894,22,16,27,6.006784979
1895,27,8,30,6.008386282999999
1896,22,8,33,5.665785202
1897,28,27,32,5.764615485
1898,23,21,26,5.9014955439999985
1899,37,5,34,5.779032666
1900,19,26,29,5.67154928
1901,133,47,24,7.231324765
1902,136,36,20,6.925412377000001
1903,104,47,18,7.633437412
1904,133,47,23,6.827354668
1905,126,38,23,6.176716425
1906,126,50,19,6.6287228360000015
1907,113,41,20,7.256877571
1908,121,45,22,6.443785385
1909,121,47,16,7.7232401510000015
1910,129,60,22,5.947448589
1911,107,45,25,7.2277455160000015
1912,122,59,18,6.219469084
1913,140,38,15,6.021439523
1914,102,49,21,6.253343655
1915,111,40,25,6.1874557989999985
1916,131,35,18,7.0576933660000005
1917,135,43,16,6.720449769
1918,100,46,18,6.4316895060000006
1919,123,39,24,7.453106264
1920,117,56,15,7.368258226
1921,121,36,24,7.352401887
1922,101,58,18,6.652143699
1923,107,42,24,6.144631795
1924,100,41,22,7.318802162000001
1925,125,39,21,7.954629324
1926,105,60,23,6.207652157
1927,102,46,19,6.631005298
1928,131,49,22,7.306918817000001
1929,139,35,15,5.898293044
1930,108,36,19,7.238566893
1931,118,45,23,7.977651226
1932,107,51,22,5.983075895
1933,125,60,17,6.785723961
1934,113,37,20,7.393441155
1935,131,52,16,6.486068274
1936,115,48,16,7.175934962
1937,113,38,25,7.388265887999999
1938,111,41,18,6.10539819
1939,111,53,19,6.419536555
1940,122,48,16,6.307585854
1941,108,46,17,6.93221485
1942,132,41,22,7.810865753
1943,103,42,17,6.527541661
1944,133,50,25,7.569454601
1945,127,37,18,7.041065585
1946,110,39,25,7.208795456
1947,131,38,19,6.814341946
1948,108,38,24,7.442217061
1949,122,40,17,6.854558957
1950,111,50,15,7.884550475
1951,140,40,17,6.006085786
1952,100,40,20,7.432043735
1953,123,50,16,6.498052108
1954,107,36,21,6.205263534
1955,118,50,19,6.360812227
1956,103,51,20,7.0466074339999984
1957,133,57,19,7.947011366
1958,129,47,20,6.281913857999999
1959,116,52,19,6.114525877
1960,114,40,23,6.7539780610000015
1961,131,60,17,7.4250413160000015
1962,107,43,18,6.745104394
1963,123,44,21,7.6411165689999985
1964,112,49,25,6.470135478
1965,119,44,15,7.091992365
1966,130,59,19,6.520403794
1967,127,53,24,6.127939627999999
1968,134,52,18,7.994679507000001
1969,109,36,18,7.524707577
1970,100,48,17,7.827877817999999
1971,132,52,19,6.436691764
1972,102,37,25,5.907930899
1973,111,39,22,6.135025006
1974,117,51,15,6.044556594
1975,136,36,24,7.59781958
1976,134,56,18,6.691268104
1977,112,54,15,6.1754923060000015
1978,105,56,15,7.272316208999999
1979,140,45,15,5.801047545
1980,126,46,25,6.757457943
1981,106,49,24,6.983395572999999
1982,121,53,19,7.976889497999999
1983,108,60,17,6.558902588
1984,116,56,17,7.979090365
1985,100,52,19,7.903528672999999
1986,129,43,16,6.73210948
1987,118,44,23,6.6916904760000016
1988,117,43,25,7.839849298
1989,126,37,21,6.61448588
1990,120,48,16,7.456971816
1991,102,45,16,7.2942193
1992,131,56,20,7.762647875
1993,114,40,17,6.363406102000001
1994,101,37,18,7.63737841
1995,106,46,20,6.2006719760000015
1996,113,38,20,6.364729934
1997,102,53,21,6.913678684
1998,110,39,18,7.766259768999999
1999,107,58,15,7.55606399
2000,120,60,15,7.288377241
2001,89,47,38,6.002524871
2002,60,37,39,6.033485257000001
2003,63,41,45,7.1219335789999985
2004,86,40,39,6.207459637
2005,96,41,40,6.090060478
2006,100,35,36,6.346715209
2007,63,37,43,6.661957897000001
2008,70,43,40,6.176860192
2009,67,55,44,7.251847296
2010,74,40,40,6.386259977999999
2011,89,53,44,7.319735475
2012,74,46,45,6.025028997000001
2013,89,41,38,6.344751947000001
2014,60,55,40,7.02777956
2015,67,43,38,7.299304715
2016,70,38,35,7.014063944
2017,74,49,38,7.4880144039999985
2018,90,40,39,6.626503893
2019,82,35,44,6.239011
2020,73,45,37,6.742688094
2021,85,53,38,6.588017308
2022,81,56,36,7.097586415
2023,84,55,38,6.956682742999999
2024,80,45,42,7.380396262
2025,76,54,45,6.176618831
2026,76,56,39,6.551130445
2027,81,40,45,6.427726565
2028,76,44,45,6.740947635
2029,69,47,40,6.130136384
2030,82,40,45,6.667633355
2031,69,57,35,6.1868143920000005
2032,81,36,38,6.334837865
2033,67,60,38,7.16214284
2034,72,51,40,7.422318499
2035,65,39,45,6.768001309
2036,78,50,43,6.348441469
2037,77,52,41,6.097294061
2038,89,52,42,6.14132902
2039,62,49,37,7.479248124
2040,90,48,45,6.5091747889999985
2041,66,47,36,6.57256106
2042,80,52,39,7.165696848
2043,89,52,45,7.207457207999999
2044,77,51,44,7.124333547000001
2045,94,37,41,6.4635387070000005
2046,75,41,35,6.856833064
2047,60,55,36,7.132389299
2048,62,56,35,6.235357637999999
2049,84,40,42,6.704273839
2050,100,56,40,7.433313409
2051,75,56,44,6.109478059
2052,78,46,42,7.095413294
2053,82,48,36,6.352076782999999
2054,100,58,41,6.6587699910000016
2055,88,50,40,7.0518224720000005
2056,67,41,40,7.333143205
2057,72,42,43,6.352771037
2058,89,40,43,7.124050134
2059,89,57,43,6.998787171
2060,61,41,44,6.537914957999999
2061,79,45,43,7.171054239
2062,84,40,43,7.228268227999999
2063,98,43,35,7.319952206
2064,75,36,44,6.613341342999999
2065,89,58,35,6.096838784
2066,91,41,37,6.132570522999999
2067,77,48,36,7.36008498
2068,66,58,35,7.321619041
2069,62,59,41,7.175170657000001
2070,82,35,35,7.299076163
2071,61,41,35,6.842966478999998
2072,99,57,38,6.356295567999999
2073,70,42,43,6.508342839
2074,90,59,35,7.098227926
2075,73,43,42,6.310699968
2076,67,46,44,7.093328631
2077,84,37,42,6.691074249
2078,72,41,36,6.187746776
2079,71,56,37,6.491506245
2080,64,53,38,6.855362875
2081,65,54,39,7.124571593
2082,60,58,37,6.067302109
2083,86,39,43,6.432051512
2084,90,50,44,6.253408852000001
2085,91,38,36,7.287318722999999
2086,87,48,38,7.161865733
2087,72,41,36,6.065898282999999
2088,71,54,35,7.311077075
2089,82,46,41,6.581693772
2090,71,52,43,6.732826127
2091,80,43,43,6.014572075
2092,77,55,43,6.663559451
2093,95,57,41,6.434610995
2094,63,47,35,7.432768147000001
2095,93,43,38,6.987332927000001
2096,87,44,43,6.718725189
2097,88,52,39,6.880204617
2098,90,39,37,6.86106911
2099,90,39,43,6.7693455
2100,84,38,43,7.26158085
2101,91,21,26,7.261313694
2102,107,21,26,7.235070264
2103,83,38,35,7.18915558
2104,108,24,31,6.431899747999999
2105,116,28,34,6.42321105
2106,116,23,25,6.869720196
2107,109,31,27,6.973839707000001
2108,89,25,34,7.184801627000001
2109,118,18,32,6.351823783
2110,111,32,34,6.392048018
2111,84,36,28,6.119892347
2112,85,33,25,6.910823945
2113,99,15,27,6.501157208
2114,81,30,31,7.0275855589999985
2115,95,39,29,7.13411409
2116,81,34,30,6.6477659970000005
2117,80,15,28,6.703270635
2118,104,20,26,7.493191968
2119,109,29,28,6.724688502999999
2120,100,32,26,6.043485685
2121,100,24,28,7.101661011
2122,83,21,28,7.466900682999999
2123,120,23,28,6.877799264
2124,104,26,30,6.410992833
2125,108,33,31,7.393825704
2126,91,25,26,7.482414225
2127,86,26,27,6.081172981
2128,98,18,27,6.516312148
2129,111,27,31,6.0433309510000015
2130,84,39,35,6.959404135
2131,98,27,27,7.238109556
2132,118,21,34,7.234258375
2133,103,27,31,6.691541233
2134,82,24,33,6.809593554
2135,86,31,35,6.485761419
2136,88,35,35,6.784460602
2137,84,27,29,7.167092586
2138,120,40,33,6.73410539
2139,106,40,30,6.779984384
2140,113,21,33,7.277422737999999
2141,117,34,25,7.21270048
2142,80,30,25,7.487266991
2143,88,21,27,7.231166546
2144,113,33,34,6.559817161000002
2145,87,23,28,6.979590627
2146,113,15,29,6.779230041
2147,98,29,30,6.217974349
2148,97,29,27,7.205078785
2149,85,35,32,6.854011265
2150,82,29,35,6.246872394
2151,103,33,25,6.911066044
2152,112,17,28,6.777417989
2153,99,19,33,6.273741983
2154,120,20,34,6.906124587000001
2155,114,27,28,7.162802357
2156,100,40,35,6.9557873510000015
2157,108,35,25,6.971963169
2158,115,31,30,6.840927967000001
2159,87,28,30,6.536676653
2160,82,24,26,6.089443602999999
2161,94,26,27,7.456460375
2162,87,28,35,6.759211911
2163,118,40,35,7.460174812000001
2164,87,38,29,6.652642579
2165,92,40,30,6.026287448
2166,97,22,26,6.074190142000001
2167,99,40,32,7.0455430560000005
2168,89,28,33,6.9932360010000005
2169,112,39,29,6.726528895
2170,111,28,26,6.937352845
2171,114,20,26,7.27905689
2172,117,26,30,7.079850922
2173,111,29,31,6.136286518
2174,119,30,28,6.5052036960000015
2175,116,40,33,7.042089492000001
2176,95,37,35,6.348337518999998
2177,86,40,33,7.432322234
2178,117,37,32,6.787658922
2179,105,18,35,6.743417121
2180,109,23,25,7.00733163
2181,80,18,31,7.303033217
2182,101,31,26,6.861235184
2183,103,33,33,7.131435858
2184,93,26,27,7.288211994
2185,104,35,28,6.983732393
2186,116,36,25,6.172090205
2187,107,38,29,6.35118177
2188,101,33,33,6.9086713789999985
2189,107,31,31,6.766184468
2190,99,16,30,6.392791654
2191,103,40,30,6.3483162570000005
2192,118,31,34,6.123796057000001
2193,106,21,35,7.4285236339999985
2194,116,38,34,6.020947179
2195,97,35,26,6.334610249
2196,107,34,32,6.78006386
2197,99,15,27,6.086922359
2198,118,33,30,6.362607851
2199,117,32,34,6.758792552
2200,104,18,30,6.779832611000002
